{"cameraMode":{"drawMode":0,"name":"Shaded","section":"Shading Mode"},"sceneLighting":false,"audioPlay":false,"sceneViewState":{"m_AlwaysRefresh":false,"showFog":true,"showSkybox":false,"showFlares":true,"showImageEffects":true,"showParticleSystems":true,"showVisualEffectGraphs":true,"m_FxEnabled":true},"in2DMode":false,"pivot":{"x":-0.1860000044107437,"y":6.446000099182129,"z":11.458999633789063},"rotation":{"x":-0.08071664720773697,"y":-0.9170769453048706,"z":0.2408328354358673,"w":-0.30736610293388369},"size":0.05474499613046646,"orthographic":false}