{"cameraMode":{"drawMode":0,"name":"Shaded","section":"Shading Mode"},"sceneLighting":true,"audioPlay":false,"sceneViewState":{"m_AlwaysRefresh":false,"showFog":true,"showSkybox":true,"showFlares":true,"showImageEffects":true,"showParticleSystems":true,"showVisualEffectGraphs":true,"m_FxEnabled":true},"in2DMode":false,"pivot":{"x":-0.18847928941249848,"y":6.27828311920166,"z":11.435768127441407},"rotation":{"x":-0.003750717965885997,"y":-0.9962380528450012,"z":0.058656156063079837,"w":-0.06373948603868485},"size":0.8315995335578919,"orthographic":false}